Gene_set,Term,Overlap,P-value,Adjusted P-value,Old P-value,Old Adjusted P-value,Odds Ratio,Combined Score,Genes
GO_Biological_Process_2021,regulation of B cell proliferation (GO:0030888),3/46,7.077521839806035e-05,0.0209743533942374,0,0,43.434593023255815,415.0610422134832,NFATC2;MNDA;TNFRSF4
GO_Biological_Process_2021,positive regulation of interleukin-1 beta production (GO:0032731),3/56,0.00012770255486576143,0.0209743533942374,0,0,35.221698113207545,315.7909400404789,IFNG;PYHIN1;MNDA
GO_Biological_Process_2021,negative regulation of nucleic acid-templated transcription (GO:1903507),6/464,0.00013839721251052465,0.0209743533942374,0,0,8.81207649450384,78.2986716458776,CDKN1C;TCF7L2;SALL1;IFNG;BHLHE40;TNFRSF4
GO_Biological_Process_2021,positive regulation of interleukin-1 production (GO:0032732),3/62,0.00017298435789061796,0.0209743533942374,0,0,31.63029661016949,273.9914151567277,IFNG;PYHIN1;MNDA
GO_Biological_Process_2021,positive regulation of lymphocyte proliferation (GO:0050671),3/75,0.00030408143644158826,0.0271951939903116,0,0,25.90234375,209.76274893490807,HLA-DPB1;NFATC2;TNFRSF4
GO_Biological_Process_2021,negative regulation of cellular macromolecule biosynthetic process (GO:2000113),6/547,0.0003364353895708659,0.0271951939903116,0,0,7.428389317356109,59.405605151274,CDKN1C;TCF7L2;SALL1;IFNG;BHLHE40;TNFRSF4
GO_Biological_Process_2021,regulation of interleukin-1 beta production (GO:0032651),3/83,0.0004098195541083547,0.0283946405346502,0,0,23.302734375,181.7565186054789,IFNG;PYHIN1;MNDA
GO_Biological_Process_2021,cellular response to interferon-beta (GO:0035458),2/20,0.0005541829397838258,0.0335973407243944,0,0,67.16161616161617,503.57885305588366,PYHIN1;MNDA
GO_Biological_Process_2021,receptor signaling pathway via STAT (GO:0097696),2/25,0.0008702354565116898,0.0445548660479264,0,0,52.54808959156785,370.2930791940912,IFNG;STAT4
GO_Biological_Process_2021,regulation of regulatory T cell differentiation (GO:0045589),2/26,0.0009417208306328502,0.0445548660479264,0,0,50.35606060606061,350.8710439635258,IFNG;NFATC2
GO_Biological_Process_2021,response to interferon-beta (GO:0035456),2/28,0.0010928921891777,0.0445548660479264,0,0,46.47785547785548,316.9291367208542,PYHIN1;MNDA
GO_Biological_Process_2021,"negative regulation of transcription, DNA-templated (GO:0045892)",7/948,0.0011023884382992,0.0445548660479264,0,0,5.054197662061637,34.42048177265395,CDKN1C;TCF7L2;SALL1;IFNG;BHLHE40;CRYM;TNFRSF4
GO_Biological_Process_2021,positive regulation of B cell proliferation (GO:0030890),2/30,0.0012549361838792,0.0464218594164592,0,0,43.15367965367965,288.29551709674206,NFATC2;TNFRSF4
GO_Biological_Process_2021,receptor signaling pathway via JAK-STAT (GO:0007259),2/31,0.0013400124367637,0.0464218594164592,0,0,41.66353187042842,275.6074457457441,IFNG;STAT4
GO_Biological_Process_2021,B cell receptor signaling pathway (GO:0050853),2/34,0.0016113484332956,0.0521002660098927,0,0,37.75189393939394,242.77049709098745,NFATC2;MNDA
GO_Biological_Process_2021,negative regulation of DNA-binding transcription factor activity (GO:0043433),3/143,0.0019811396077366,0.0600532943595168,0,0,13.275669642857142,82.62887027384207,TCF7L2;BHLHE40;TNFRSF4
GO_Biological_Process_2021,regulation of T cell differentiation (GO:0045580),2/39,0.0021167206063135,0.0603887937683579,0,0,32.64209664209664,201.0063514363376,IFNG;NFATC2
GO_Biological_Process_2021,interleukin-12-mediated signaling pathway (GO:0035722),2/46,0.002933957175643,0.0748931173782573,0,0,27.439393939393938,160.01016949426773,IFNG;STAT4
GO_Biological_Process_2021,positive regulation of nucleocytoplasmic transport (GO:0046824),2/46,0.002933957175643,0.0748931173782573,0,0,27.439393939393938,160.01016949426773,TCF7L2;IFNG
GO_Biological_Process_2021,cellular response to interleukin-12 (GO:0071349),2/48,0.0031905896871087,0.0757982095707926,0,0,26.24374176548089,150.83720550203398,IFNG;STAT4
GO_Biological_Process_2021,regulation of smooth muscle cell proliferation (GO:0048660),2/49,0.0033227178674869,0.0757982095707926,0,0,25.684074790457768,146.57830071342153,TCF7L2;IFNG
GO_Biological_Process_2021,regulation of substrate adhesion-dependent cell spreading (GO:1900024),2/51,0.0035945542683056,0.0757982095707926,0,0,24.633271490414348,138.64431104204218,TACSTD2;MYADM
GO_Biological_Process_2021,regulation of epithelial cell migration (GO:0010632),2/51,0.0035945542683056,0.0757982095707926,0,0,24.633271490414348,138.64431104204218,IFNG;TACSTD2
GO_Biological_Process_2021,positive regulation of B cell activation (GO:0050871),2/53,0.0038764392228193,0.0764765584538296,0,0,23.66488413547237,131.4072743486592,NFATC2;TNFRSF4
GO_Biological_Process_2021,regulation of cyclin-dependent protein kinase activity (GO:1904029),2/54,0.0040211281759028,0.0764765584538296,0,0,23.208624708624708,128.02324793427923,CDKN1C;CCNB2
GO_Biological_Process_2021,antigen receptor-mediated signaling pathway (GO:0050851),3/185,0.0040997742676279,0.0764765584538296,0,0,10.190418956043956,56.014933001065295,HLA-DPB1;NFATC2;MNDA
GO_Biological_Process_2021,regulation of neurogenesis (GO:0050767),2/62,0.0052674168210299,0.0905088811057448,0,0,20.10606060606061,105.480720831743,IFNG;BHLHE40
GO_Biological_Process_2021,interferon-gamma-mediated signaling pathway (GO:0060333),2/68,0.0063039141585197,0.0905088811057448,0,0,18.272727272727277,92.58031756768877,IFNG;HLA-DPB1
GO_Biological_Process_2021,positive regulation of protein localization to nucleus (GO:1900182),2/68,0.0063039141585197,0.0905088811057448,0,0,18.272727272727277,92.58031756768877,IFNG;PYHIN1
GO_Biological_Process_2021,negative regulation of transcription by RNA polymerase II (GO:0000122),5/684,0.0063967495039579,0.0905088811057448,0,0,4.733922434953363,23.91561191045678,TCF7L2;SALL1;IFNG;BHLHE40;CRYM
GO_Biological_Process_2021,"positive regulation of CD4-positive, CD25-positive, alpha-beta regulatory T cell differentiation (GO:0032831)",1/5,0.0087202027037321,0.0905088811057448,0,0,146.77205882352942,696.0096581675563,IFNG
GO_Biological_Process_2021,regulation of type B pancreatic cell apoptotic process (GO:2000674),1/5,0.0087202027037321,0.0905088811057448,0,0,146.77205882352942,696.0096581675563,TCF7L2
GO_Biological_Process_2021,regulation of core promoter binding (GO:1904796),1/5,0.0087202027037321,0.0905088811057448,0,0,146.77205882352942,696.0096581675563,IFNG
GO_Biological_Process_2021,regulation of hormone metabolic process (GO:0032350),1/5,0.0087202027037321,0.0905088811057448,0,0,146.77205882352942,696.0096581675563,TCF7L2
GO_Biological_Process_2021,neuroinflammatory response (GO:0150076),1/5,0.0087202027037321,0.0905088811057448,0,0,146.77205882352942,696.0096581675563,IFNG
GO_Biological_Process_2021,metanephric renal vesicle morphogenesis (GO:0072283),1/5,0.0087202027037321,0.0905088811057448,0,0,146.77205882352942,696.0096581675563,SALL1
GO_Biological_Process_2021,regulation of cyclin-dependent protein serine/threonine kinase activity (GO:0000079),2/82,0.0090507214074314,0.0905088811057448,0,0,15.06439393939394,70.87662990539604,CDKN1C;CCNB2
GO_Biological_Process_2021,negative regulation of phosphorylation (GO:0042326),2/86,0.0099175792205288,0.0905088811057448,0,0,14.344155844155845,66.17599439349425,CDKN1C;MYADM
GO_Biological_Process_2021,regulation of vitamin D biosynthetic process (GO:0060556),1/6,0.0104553652553503,0.0905088811057448,0,0,117.41176470588236,535.4727918518732,IFNG
GO_Biological_Process_2021,negative regulation of morphogenesis of an epithelium (GO:1905331),1/6,0.0104553652553503,0.0905088811057448,0,0,117.41176470588236,535.4727918518732,TACSTD2
GO_Biological_Process_2021,positive regulation of killing of cells of other organism (GO:0051712),1/6,0.0104553652553503,0.0905088811057448,0,0,117.41176470588236,535.4727918518732,IFNG
GO_Biological_Process_2021,negative regulation of sequestering of triglyceride (GO:0010891),1/6,0.0104553652553503,0.0905088811057448,0,0,117.41176470588236,535.4727918518732,ABHD5
GO_Biological_Process_2021,maintenance of DNA repeat elements (GO:0043570),1/6,0.0104553652553503,0.0905088811057448,0,0,117.41176470588236,535.4727918518732,TCF7L2
GO_Biological_Process_2021,mesenchymal to epithelial transition involved in metanephros morphogenesis (GO:0003337),1/6,0.0104553652553503,0.0905088811057448,0,0,117.41176470588236,535.4727918518732,SALL1
GO_Biological_Process_2021,positive regulation of binding (GO:0051099),2/90,0.0108199581617817,0.0905088811057448,0,0,13.68939393939394,61.963164471831405,TCF7L2;PYHIN1
GO_Biological_Process_2021,negative regulation of protein kinase activity (GO:0006469),2/90,0.0108199581617817,0.0905088811057448,0,0,13.68939393939394,61.963164471831405,CDKN1C;IFNG
GO_Biological_Process_2021,regulation of epithelial cell proliferation (GO:0050678),2/93,0.0115197467944432,0.0905088811057448,0,0,13.236097236097237,59.08186933336345,CDKN1C;TCF7L2
GO_Biological_Process_2021,positive regulation of nucleic acid-templated transcription (GO:1903508),4/511,0.0117836430470167,0.0905088811057448,0,0,4.952090093529299,21.992444508462768,CDKN1C;SALL1;PYHIN1;NFATC2
GO_Biological_Process_2021,epithelial cell differentiation involved in kidney development (GO:0035850),1/7,0.0121875780684806,0.0905088811057448,0,0,97.83823529411764,431.20617589056735,SALL1
GO_Biological_Process_2021,regulation of vascular associated smooth muscle cell differentiation (GO:1905063),1/7,0.0121875780684806,0.0905088811057448,0,0,97.83823529411764,431.20617589056735,NFATC2
GO_Biological_Process_2021,glutamine transport (GO:0006868),1/7,0.0121875780684806,0.0905088811057448,0,0,97.83823529411764,431.20617589056735,SLC38A3
GO_Biological_Process_2021,regulation of calcidiol 1-monooxygenase activity (GO:0060558),1/7,0.0121875780684806,0.0905088811057448,0,0,97.83823529411764,431.20617589056735,IFNG
GO_Biological_Process_2021,positive regulation of interleukin-23 production (GO:0032747),1/7,0.0121875780684806,0.0905088811057448,0,0,97.83823529411764,431.20617589056735,IFNG
GO_Biological_Process_2021,negative regulation of ruffle assembly (GO:1900028),1/7,0.0121875780684806,0.0905088811057448,0,0,97.83823529411764,431.20617589056735,TACSTD2
GO_Biological_Process_2021,L-alanine transport (GO:0015808),1/7,0.0121875780684806,0.0905088811057448,0,0,97.83823529411764,431.20617589056735,SLC38A3
GO_Biological_Process_2021,thyroid hormone transport (GO:0070327),1/7,0.0121875780684806,0.0905088811057448,0,0,97.83823529411764,431.20617589056735,CRYM
GO_Biological_Process_2021,pituitary gland development (GO:0021983),1/7,0.0121875780684806,0.0905088811057448,0,0,97.83823529411764,431.20617589056735,SALL1
GO_Biological_Process_2021,"regulation of transcription, DNA-templated (GO:0006355)",9/2244,0.0130273768583756,0.0905088811057448,0,0,2.7459989674754777,11.91956382429624,CDKN1C;TCF7L2;SALL1;IFNG;PYHIN1;BHLHE40;STAT4;NFATC2;TNFRSF4
GO_Biological_Process_2021,forebrain neuron differentiation (GO:0021879),1/8,0.0139168458355771,0.0905088811057448,0,0,83.85714285714286,358.4603752954014,SALL1
GO_Biological_Process_2021,basic amino acid transport (GO:0015802),1/8,0.0139168458355771,0.0905088811057448,0,0,83.85714285714286,358.4603752954014,SLC38A3
GO_Biological_Process_2021,positive regulation of MHC class II biosynthetic process (GO:0045348),1/8,0.0139168458355771,0.0905088811057448,0,0,83.85714285714286,358.4603752954014,IFNG
GO_Biological_Process_2021,interleukin-21-mediated signaling pathway (GO:0038114),1/8,0.0139168458355771,0.0905088811057448,0,0,83.85714285714286,358.4603752954014,STAT4
GO_Biological_Process_2021,cellular response to interferon-alpha (GO:0035457),1/8,0.0139168458355771,0.0905088811057448,0,0,83.85714285714286,358.4603752954014,PYHIN1
GO_Biological_Process_2021,kidney epithelium development (GO:0072073),1/8,0.0139168458355771,0.0905088811057448,0,0,83.85714285714286,358.4603752954014,SALL1
GO_Biological_Process_2021,cellular response to interleukin-21 (GO:0098757),1/8,0.0139168458355771,0.0905088811057448,0,0,83.85714285714286,358.4603752954014,STAT4
GO_Biological_Process_2021,negative regulation of vascular associated smooth muscle cell differentiation (GO:1905064),1/8,0.0139168458355771,0.0905088811057448,0,0,83.85714285714286,358.4603752954014,NFATC2
GO_Biological_Process_2021,positive regulation of steroid biosynthetic process (GO:0010893),1/8,0.0139168458355771,0.0905088811057448,0,0,83.85714285714286,358.4603752954014,IFNG
GO_Biological_Process_2021,positive regulation of triglyceride catabolic process (GO:0010898),1/8,0.0139168458355771,0.0905088811057448,0,0,83.85714285714286,358.4603752954014,ABHD5
GO_Biological_Process_2021,regulation of nitrogen compound metabolic process (GO:0051171),1/8,0.0139168458355771,0.0905088811057448,0,0,83.85714285714286,358.4603752954014,IFNG
GO_Biological_Process_2021,regulation of protein ADP-ribosylation (GO:0010835),1/8,0.0139168458355771,0.0905088811057448,0,0,83.85714285714286,358.4603752954014,IFNG
GO_Biological_Process_2021,negative regulation of amyloid-beta clearance (GO:1900222),1/8,0.0139168458355771,0.0905088811057448,0,0,83.85714285714286,358.4603752954014,IFNG
GO_Biological_Process_2021,regulation of insulin secretion (GO:0050796),2/104,0.0142507115808119,0.0905088811057448,0,0,11.802139037433156,50.17028450645526,TCF7L2;IFNG
GO_Biological_Process_2021,regulation of cell cycle (GO:0051726),3/296,0.0148081115480664,0.0905088811057448,0,0,6.294368600682594,26.515532354813665,CCNB2;TCF7L2;IFNG
GO_Biological_Process_2021,regulation of smooth muscle cell apoptotic process (GO:0034391),1/9,0.0156431732908392,0.0905088811057448,0,0,73.37132352941177,305.0574683216414,IFNG
GO_Biological_Process_2021,hormone transport (GO:0009914),1/9,0.0156431732908392,0.0905088811057448,0,0,73.37132352941177,305.0574683216414,CRYM
GO_Biological_Process_2021,interleukin-23-mediated signaling pathway (GO:0038155),1/9,0.0156431732908392,0.0905088811057448,0,0,73.37132352941177,305.0574683216414,STAT4
GO_Biological_Process_2021,negative regulation of smooth muscle cell differentiation (GO:0051151),1/9,0.0156431732908392,0.0905088811057448,0,0,73.37132352941177,305.0574683216414,NFATC2
GO_Biological_Process_2021,regulation of interleukin-23 production (GO:0032667),1/9,0.0156431732908392,0.0905088811057448,0,0,73.37132352941177,305.0574683216414,IFNG
GO_Biological_Process_2021,regulation of leukocyte degranulation (GO:0043300),1/9,0.0156431732908392,0.0905088811057448,0,0,73.37132352941177,305.0574683216414,ADGRE2
GO_Biological_Process_2021,positive regulation of smooth muscle cell apoptotic process (GO:0034393),1/9,0.0156431732908392,0.0905088811057448,0,0,73.37132352941177,305.0574683216414,IFNG
GO_Biological_Process_2021,regulation of protein deacetylation (GO:0090311),1/9,0.0156431732908392,0.0905088811057448,0,0,73.37132352941177,305.0574683216414,IFNG
GO_Biological_Process_2021,regulation of protein serine/threonine kinase activity (GO:0071900),2/111,0.016120250201305,0.0905088811057448,0,0,11.0403113705866,45.570861628036816,CCNB2;IFNG
GO_Biological_Process_2021,positive regulation of metabolic process (GO:0009893),2/113,0.0166727544497408,0.0905088811057448,0,0,10.84029484029484,44.37994335341846,IFNG;KSR2
GO_Biological_Process_2021,adrenal gland development (GO:0030325),1/10,0.0173665651965465,0.0905088811057448,0,0,65.2156862745098,264.33277144453854,SALL1
GO_Biological_Process_2021,alanine transport (GO:0032328),1/10,0.0173665651965465,0.0905088811057448,0,0,65.2156862745098,264.33277144453854,SLC38A3
GO_Biological_Process_2021,regulation of tau-protein kinase activity (GO:1902947),1/10,0.0173665651965465,0.0905088811057448,0,0,65.2156862745098,264.33277144453854,IFNG
GO_Biological_Process_2021,negative regulation of heterotypic cell-cell adhesion (GO:0034115),1/10,0.0173665651965465,0.0905088811057448,0,0,65.2156862745098,264.33277144453854,MYADM
GO_Biological_Process_2021,granulocyte migration (GO:0097530),1/10,0.0173665651965465,0.0905088811057448,0,0,65.2156862745098,264.33277144453854,ADGRE2
GO_Biological_Process_2021,regulation of cell-cell adhesion involved in gastrulation (GO:0070587),1/10,0.0173665651965465,0.0905088811057448,0,0,65.2156862745098,264.33277144453854,MYADM
GO_Biological_Process_2021,cell differentiation involved in metanephros development (GO:0072202),1/10,0.0173665651965465,0.0905088811057448,0,0,65.2156862745098,264.33277144453854,SALL1
GO_Biological_Process_2021,mesenchymal to epithelial transition (GO:0060231),1/10,0.0173665651965465,0.0905088811057448,0,0,65.2156862745098,264.33277144453854,SALL1
GO_Biological_Process_2021,adenylate cyclase-activating G protein-coupled receptor signaling pathway (GO:0007189),2/118,0.0180890838385224,0.0905088811057448,0,0,10.37042842215256,41.61079052739414,ADGRE2;MC5R
GO_Biological_Process_2021,cellular response to interferon-gamma (GO:0071346),2/121,0.0189626318178673,0.0905088811057448,0,0,10.107461166284695,40.07896397719685,IFNG;HLA-DPB1
GO_Biological_Process_2021,positive regulation of cellular respiration (GO:1901857),1/11,0.0190870263243922,0.0905088811057448,0,0,58.69117647058823,232.34348501767585,IFNG
GO_Biological_Process_2021,negative regulation of interleukin-17 production (GO:0032700),1/11,0.0190870263243922,0.0905088811057448,0,0,58.69117647058823,232.34348501767585,IFNG
GO_Biological_Process_2021,calcineurin-NFAT signaling cascade (GO:0033173),1/11,0.0190870263243922,0.0905088811057448,0,0,58.69117647058823,232.34348501767585,NFATC2
GO_Biological_Process_2021,cell-cell junction maintenance (GO:0045217),1/11,0.0190870263243922,0.0905088811057448,0,0,58.69117647058823,232.34348501767585,MYADM
GO_Biological_Process_2021,interleukin-35-mediated signaling pathway (GO:0070757),1/11,0.0190870263243922,0.0905088811057448,0,0,58.69117647058823,232.34348501767585,STAT4
GO_Biological_Process_2021,positive regulation of nitric-oxide synthase biosynthetic process (GO:0051770),1/11,0.0190870263243922,0.0905088811057448,0,0,58.69117647058823,232.34348501767585,IFNG
GO_Biological_Process_2021,regulation of mast cell activation involved in immune response (GO:0033006),1/11,0.0190870263243922,0.0905088811057448,0,0,58.69117647058823,232.34348501767585,ADGRE2
GO_Biological_Process_2021,regulation of myeloid leukocyte mediated immunity (GO:0002886),1/11,0.0190870263243922,0.0905088811057448,0,0,58.69117647058823,232.34348501767585,ADGRE2
GO_Biological_Process_2021,organophosphate catabolic process (GO:0046434),1/11,0.0190870263243922,0.0905088811057448,0,0,58.69117647058823,232.34348501767585,PLBD1
GO_Biological_Process_2021,negative regulation of B cell proliferation (GO:0030889),1/12,0.0208045614562384,0.0905088811057448,0,0,53.35294117647059,206.61369382894844,MNDA
GO_Biological_Process_2021,regulation of triglyceride catabolic process (GO:0010896),1/12,0.0208045614562384,0.0905088811057448,0,0,53.35294117647059,206.61369382894844,ABHD5
GO_Biological_Process_2021,calcineurin-mediated signaling (GO:0097720),1/12,0.0208045614562384,0.0905088811057448,0,0,53.35294117647059,206.61369382894844,NFATC2
GO_Biological_Process_2021,lysine catabolic process (GO:0006554),1/12,0.0208045614562384,0.0905088811057448,0,0,53.35294117647059,206.61369382894844,CRYM
GO_Biological_Process_2021,lysine metabolic process (GO:0006553),1/12,0.0208045614562384,0.0905088811057448,0,0,53.35294117647059,206.61369382894844,CRYM
GO_Biological_Process_2021,regulation of MHC class II biosynthetic process (GO:0045346),1/12,0.0208045614562384,0.0905088811057448,0,0,53.35294117647059,206.61369382894844,IFNG
GO_Biological_Process_2021,mitotic nuclear membrane disassembly (GO:0007077),1/12,0.0208045614562384,0.0905088811057448,0,0,53.35294117647059,206.61369382894844,CCNB2
GO_Biological_Process_2021,cytokine-mediated signaling pathway (GO:0019221),4/621,0.0224975642046277,0.0905088811057448,0,0,4.046217389031212,15.352757801230442,IFNG;STAT4;HLA-DPB1;TNFRSF4
GO_Biological_Process_2021,negative regulation of cell morphogenesis involved in differentiation (GO:0010771),1/13,0.0225191753740633,0.0905088811057448,0,0,48.90441176470589,185.51341332613868,TACSTD2
GO_Biological_Process_2021,negative regulation of locomotion (GO:0040013),1/13,0.0225191753740633,0.0905088811057448,0,0,48.90441176470589,185.51341332613868,TACSTD2
GO_Biological_Process_2021,negative regulation of substrate adhesion-dependent cell spreading (GO:1900025),1/13,0.0225191753740633,0.0905088811057448,0,0,48.90441176470589,185.51341332613868,TACSTD2
GO_Biological_Process_2021,macrophage activation involved in immune response (GO:0002281),1/13,0.0225191753740633,0.0905088811057448,0,0,48.90441176470589,185.51341332613868,IFNG
GO_Biological_Process_2021,cranial nerve development (GO:0021545),1/13,0.0225191753740633,0.0905088811057448,0,0,48.90441176470589,185.51341332613868,SALL1
GO_Biological_Process_2021,regulation of cell adhesion (GO:0030155),2/133,0.0226305599791699,0.0905088811057448,0,0,9.176035160767984,34.762987793950465,MYADM;TGFBI
GO_Biological_Process_2021,regulation of response to interferon-gamma (GO:0060330),1/14,0.0242308728650598,0.0905088811057448,0,0,45.14027149321267,167.92757529985917,IFNG
GO_Biological_Process_2021,cell junction maintenance (GO:0034331),1/14,0.0242308728650598,0.0905088811057448,0,0,45.14027149321267,167.92757529985917,MYADM
GO_Biological_Process_2021,positive regulation of protein deacetylation (GO:0090312),1/14,0.0242308728650598,0.0905088811057448,0,0,45.14027149321267,167.92757529985917,IFNG
GO_Biological_Process_2021,nuclear membrane disassembly (GO:0051081),1/14,0.0242308728650598,0.0905088811057448,0,0,45.14027149321267,167.92757529985917,CCNB2
GO_Biological_Process_2021,pancreas development (GO:0031016),1/14,0.0242308728650598,0.0905088811057448,0,0,45.14027149321267,167.92757529985917,TCF7L2
GO_Biological_Process_2021,regulation of nitric-oxide synthase biosynthetic process (GO:0051769),1/14,0.0242308728650598,0.0905088811057448,0,0,45.14027149321267,167.92757529985917,IFNG
GO_Biological_Process_2021,regulation of protein kinase C signaling (GO:0090036),1/14,0.0242308728650598,0.0905088811057448,0,0,45.14027149321267,167.92757529985917,MYADM
GO_Biological_Process_2021,positive regulation of cellular catabolic process (GO:0031331),2/141,0.025225866884383,0.0905088811057448,0,0,8.64442991061696,31.810510963429447,IFNG;ABHD5
GO_Biological_Process_2021,regulation of sequestering of triglyceride (GO:0010889),1/15,0.0259396587086567,0.0905088811057448,0,0,41.91386554621849,153.06869330263612,ABHD5
GO_Biological_Process_2021,negative regulation of cellular component movement (GO:0051271),1/15,0.0259396587086567,0.0905088811057448,0,0,41.91386554621849,153.06869330263612,TACSTD2
GO_Biological_Process_2021,positive regulation of cell killing (GO:0031343),1/15,0.0259396587086567,0.0905088811057448,0,0,41.91386554621849,153.06869330263612,IFNG
GO_Biological_Process_2021,"positive regulation of DNA damage response, signal transduction by p53 class mediator (GO:0043517)",1/15,0.0259396587086567,0.0905088811057448,0,0,41.91386554621849,153.06869330263612,PYHIN1
GO_Biological_Process_2021,regulation of branching involved in ureteric bud morphogenesis (GO:0090189),1/15,0.0259396587086567,0.0905088811057448,0,0,41.91386554621849,153.06869330263612,TACSTD2
GO_Biological_Process_2021,positive regulation of exosomal secretion (GO:1903543),1/15,0.0259396587086567,0.0905088811057448,0,0,41.91386554621849,153.06869330263612,IFNG
GO_Biological_Process_2021,positive regulation of membrane protein ectodomain proteolysis (GO:0051044),1/15,0.0259396587086567,0.0905088811057448,0,0,41.91386554621849,153.06869330263612,IFNG
GO_Biological_Process_2021,positive regulation of osteoclast differentiation (GO:0045672),1/15,0.0259396587086567,0.0905088811057448,0,0,41.91386554621849,153.06869330263612,IFNG
GO_Biological_Process_2021,positive regulation of protein export from nucleus (GO:0046827),1/15,0.0259396587086567,0.0905088811057448,0,0,41.91386554621849,153.06869330263612,TCF7L2
GO_Biological_Process_2021,macrophage differentiation (GO:0030225),1/15,0.0259396587086567,0.0905088811057448,0,0,41.91386554621849,153.06869330263612,IFNG
GO_Biological_Process_2021,T cell proliferation (GO:0042098),1/15,0.0259396587086567,0.0905088811057448,0,0,41.91386554621849,153.06869330263612,TNFRSF4
GO_Biological_Process_2021,membrane raft organization (GO:0031579),1/15,0.0259396587086567,0.0905088811057448,0,0,41.91386554621849,153.06869330263612,MYADM
GO_Biological_Process_2021,"tRNA splicing, via endonucleolytic cleavage and ligation (GO:0006388)",1/15,0.0259396587086567,0.0905088811057448,0,0,41.91386554621849,153.06869330263612,TSEN54
GO_Biological_Process_2021,myoblast differentiation (GO:0045445),1/15,0.0259396587086567,0.0905088811057448,0,0,41.91386554621849,153.06869330263612,TCF7L2
GO_Biological_Process_2021,placenta development (GO:0001890),1/15,0.0259396587086567,0.0905088811057448,0,0,41.91386554621849,153.06869330263612,PHLDA2
GO_Biological_Process_2021,positive regulation of intracellular protein transport (GO:0090316),2/148,0.0275918776334638,0.0931117067964891,0,0,8.227065172270652,29.537087770670144,TCF7L2;IFNG
GO_Biological_Process_2021,negative regulation of epithelial cell differentiation (GO:0030857),1/16,0.0276455376880297,0.0931117067964891,0,0,39.11764705882353,140.36549891248842,IFNG
GO_Biological_Process_2021,regulation of amyloid-beta clearance (GO:1900221),1/16,0.0276455376880297,0.0931117067964891,0,0,39.11764705882353,140.36549891248842,IFNG
GO_Biological_Process_2021,"RNA splicing, via endonucleolytic cleavage and ligation (GO:0000394)",1/16,0.0276455376880297,0.0931117067964891,0,0,39.11764705882353,140.36549891248842,TSEN54
GO_Biological_Process_2021,regulation of mast cell degranulation (GO:0043304),1/16,0.0276455376880297,0.0931117067964891,0,0,39.11764705882353,140.36549891248842,ADGRE2
GO_Biological_Process_2021,regulation of cellular respiration (GO:0043457),1/17,0.0293485145757202,0.0968301331239748,0,0,36.67095588235294,129.39395719366985,IFNG
GO_Biological_Process_2021,positive regulation of stem cell differentiation (GO:2000738),1/17,0.0293485145757202,0.0968301331239748,0,0,36.67095588235294,129.39395719366985,TACSTD2
GO_Biological_Process_2021,mesonephric tubule development (GO:0072164),1/17,0.0293485145757202,0.0968301331239748,0,0,36.67095588235294,129.39395719366985,SALL1
GO_Biological_Process_2021,positive regulation of amyloid-beta formation (GO:1902004),1/18,0.0310485941558708,0.0986441234396321,0,0,34.5121107266436,119.83301120641356,IFNG
GO_Biological_Process_2021,response to interferon-alpha (GO:0035455),1/18,0.0310485941558708,0.0986441234396321,0,0,34.5121107266436,119.83301120641356,PYHIN1
GO_Biological_Process_2021,positive regulation of peptidyl-serine phosphorylation of STAT protein (GO:0033141),1/18,0.0310485941558708,0.0986441234396321,0,0,34.5121107266436,119.83301120641356,IFNG
GO_Biological_Process_2021,phosphatidylinositol acyl-chain remodeling (GO:0036149),1/18,0.0310485941558708,0.0986441234396321,0,0,34.5121107266436,119.83301120641356,PLBD1
GO_Biological_Process_2021,embryonic digit morphogenesis (GO:0042733),1/18,0.0310485941558708,0.0986441234396321,0,0,34.5121107266436,119.83301120641356,SALL1
GO_Biological_Process_2021,aspartate family amino acid catabolic process (GO:0009068),1/19,0.0327457811830531,0.0986441234396321,0,0,32.59313725490196,111.43532169951338,CRYM
GO_Biological_Process_2021,branching involved in ureteric bud morphogenesis (GO:0001658),1/19,0.0327457811830531,0.0986441234396321,0,0,32.59313725490196,111.43532169951338,SALL1
GO_Biological_Process_2021,regulation of epithelial cell differentiation (GO:0030856),1/19,0.0327457811830531,0.0986441234396321,0,0,32.59313725490196,111.43532169951338,IFNG
GO_Biological_Process_2021,regulation of exosomal secretion (GO:1903541),1/19,0.0327457811830531,0.0986441234396321,0,0,32.59313725490196,111.43532169951338,IFNG
GO_Biological_Process_2021,positive regulation of triglyceride metabolic process (GO:0090208),1/19,0.0327457811830531,0.0986441234396321,0,0,32.59313725490196,111.43532169951338,ABHD5
GO_Biological_Process_2021,ureteric bud development (GO:0001657),1/19,0.0327457811830531,0.0986441234396321,0,0,32.59313725490196,111.43532169951338,SALL1
GO_Biological_Process_2021,ureteric bud morphogenesis (GO:0060675),1/19,0.0327457811830531,0.0986441234396321,0,0,32.59313725490196,111.43532169951338,SALL1
GO_Biological_Process_2021,regulation of peptidyl-serine phosphorylation of STAT protein (GO:0033139),1/19,0.0327457811830531,0.0986441234396321,0,0,32.59313725490196,111.43532169951338,IFNG
GO_Biological_Process_2021,myeloid cell activation involved in immune response (GO:0002275),1/19,0.0327457811830531,0.0986441234396321,0,0,32.59313725490196,111.43532169951338,IFNG
GO_Biological_Process_2021,adenylate cyclase-modulating G protein-coupled receptor signaling pathway (GO:0007188),2/165,0.033692567137662,0.0994252321720633,0,0,7.362706822829522,24.963095692209784,ADGRE2;MC5R
GO_Biological_Process_2021,negative regulation of cyclin-dependent protein serine/threonine kinase activity (GO:0045736),1/20,0.0344400804224879,0.0994252321720633,0,0,30.876160990712076,104.00740624656504,CDKN1C
GO_Biological_Process_2021,negative regulation of lipid storage (GO:0010888),1/20,0.0344400804224879,0.0994252321720633,0,0,30.876160990712076,104.00740624656504,ABHD5
GO_Biological_Process_2021,cardiac ventricle development (GO:0003231),1/20,0.0344400804224879,0.0994252321720633,0,0,30.876160990712076,104.00740624656504,SALL1
GO_Biological_Process_2021,inositol phosphate-mediated signaling (GO:0048016),1/20,0.0344400804224879,0.0994252321720633,0,0,30.876160990712076,104.00740624656504,NFATC2
GO_Biological_Process_2021,positive regulation of nitrogen compound metabolic process (GO:0051173),1/20,0.0344400804224879,0.0994252321720633,0,0,30.876160990712076,104.00740624656504,IFNG
GO_Biological_Process_2021,embryonic digestive tract development (GO:0048566),1/20,0.0344400804224879,0.0994252321720633,0,0,30.876160990712076,104.00740624656504,SALL1
GO_Biological_Process_2021,positive regulation of glycolytic process (GO:0045821),1/21,0.0361314966365463,0.1018824178414243,0,0,29.330882352941178,97.3958437550943,IFNG
GO_Biological_Process_2021,positive regulation of phosphatase activity (GO:0010922),1/21,0.0361314966365463,0.1018824178414243,0,0,29.330882352941178,97.3958437550943,IFNG
GO_Biological_Process_2021,positive regulation of purine nucleotide metabolic process (GO:1900544),1/21,0.0361314966365463,0.1018824178414243,0,0,29.330882352941178,97.3958437550943,IFNG
GO_Biological_Process_2021,positive regulation of transcription regulatory region DNA binding (GO:2000679),1/21,0.0361314966365463,0.1018824178414243,0,0,29.330882352941178,97.3958437550943,IFNG
GO_Biological_Process_2021,positive regulation of amyloid precursor protein catabolic process (GO:1902993),1/22,0.037820034565529,0.1024732780127461,0,0,27.932773109243698,91.47749401004982,IFNG
GO_Biological_Process_2021,negative regulation of B cell activation (GO:0050869),1/22,0.037820034565529,0.1024732780127461,0,0,27.932773109243698,91.47749401004982,MNDA
GO_Biological_Process_2021,negative regulation of cyclin-dependent protein kinase activity (GO:1904030),1/22,0.037820034565529,0.1024732780127461,0,0,27.932773109243698,91.47749401004982,CDKN1C
GO_Biological_Process_2021,positive regulation of lipid catabolic process (GO:0050996),1/22,0.037820034565529,0.1024732780127461,0,0,27.932773109243698,91.47749401004982,ABHD5
GO_Biological_Process_2021,negative regulation of phosphate metabolic process (GO:0045936),1/22,0.037820034565529,0.1024732780127461,0,0,27.932773109243698,91.47749401004982,CDKN1C
GO_Biological_Process_2021,regulation of membrane protein ectodomain proteolysis (GO:0051043),1/22,0.037820034565529,0.1024732780127461,0,0,27.932773109243698,91.47749401004982,IFNG
GO_Biological_Process_2021,microglial cell activation (GO:0001774),1/22,0.037820034565529,0.1024732780127461,0,0,27.932773109243698,91.47749401004982,IFNG
GO_Biological_Process_2021,regulation of interferon-gamma-mediated signaling pathway (GO:0060334),1/23,0.0395056989616672,0.1058578121348542,0,0,26.66176470588235,86.15243597600474,IFNG
GO_Biological_Process_2021,regulation of protein export from nucleus (GO:0046825),1/23,0.0395056989616672,0.1058578121348542,0,0,26.66176470588235,86.15243597600474,TCF7L2
GO_Biological_Process_2021,regulation of ruffle assembly (GO:1900027),1/24,0.0411884945546998,0.1062575524416458,0,0,25.50127877237852,81.33878492786673,TACSTD2
GO_Biological_Process_2021,positive regulation of carbohydrate metabolic process (GO:0045913),1/24,0.0411884945546998,0.1062575524416458,0,0,25.50127877237852,81.33878492786673,IFNG
GO_Biological_Process_2021,positive regulation of cellular response to transforming growth factor beta stimulus (GO:1903846),1/24,0.0411884945546998,0.1062575524416458,0,0,25.50127877237852,81.33878492786673,CDKN1C
GO_Biological_Process_2021,negative regulation of stress fiber assembly (GO:0051497),1/24,0.0411884945546998,0.1062575524416458,0,0,25.50127877237852,81.33878492786673,TACSTD2
GO_Biological_Process_2021,positive regulation of transforming growth factor beta receptor signaling pathway (GO:0030511),1/24,0.0411884945546998,0.1062575524416458,0,0,25.50127877237852,81.33878492786673,CDKN1C
GO_Biological_Process_2021,phospholipid catabolic process (GO:0009395),1/24,0.0411884945546998,0.1062575524416458,0,0,25.50127877237852,81.33878492786673,PLBD1
GO_Biological_Process_2021,endocrine system development (GO:0035270),1/24,0.0411884945546998,0.1062575524416458,0,0,25.50127877237852,81.33878492786673,SALL1
GO_Biological_Process_2021,response to hexose (GO:0009746),1/25,0.0428684260822968,0.1088543803660418,0,0,24.4375,76.96883173102468,TCF7L2
GO_Biological_Process_2021,regulation of heterotypic cell-cell adhesion (GO:0034114),1/25,0.0428684260822968,0.1088543803660418,0,0,24.4375,76.96883173102468,MYADM
GO_Biological_Process_2021,negative regulation of actin filament polymerization (GO:0030837),1/25,0.0428684260822968,0.1088543803660418,0,0,24.4375,76.96883173102468,MYADM
GO_Biological_Process_2021,phosphatidylethanolamine acyl-chain remodeling (GO:0036152),1/26,0.0445454982675267,0.1119407598950801,0,0,23.458823529411763,72.98612815583363,PLBD1
GO_Biological_Process_2021,endothelial cell development (GO:0001885),1/26,0.0445454982675267,0.1119407598950801,0,0,23.458823529411763,72.98612815583363,MYADM
GO_Biological_Process_2021,negative regulation of macromolecule metabolic process (GO:0010605),2/194,0.0451814229929285,0.1120828108588076,0,0,6.2414772727272725,19.33028747548142,IFNG;MYADM
GO_Biological_Process_2021,negative regulation of plasma membrane bounded cell projection assembly (GO:0120033),1/27,0.046219715818065,0.1120828108588076,0,0,22.555429864253394,69.34325924679375,TACSTD2
GO_Biological_Process_2021,cellular lipid catabolic process (GO:0044242),1/27,0.046219715818065,0.1120828108588076,0,0,22.555429864253394,69.34325924679375,PLBD1
GO_Biological_Process_2021,negative regulation of protein polymerization (GO:0032272),1/27,0.046219715818065,0.1120828108588076,0,0,22.555429864253394,69.34325924679375,MYADM
GO_Biological_Process_2021,positive regulation of nitric oxide biosynthetic process (GO:0045429),1/27,0.046219715818065,0.1120828108588076,0,0,22.555429864253394,69.34325924679375,IFNG
GO_Biological_Process_2021,negative regulation of actin filament bundle assembly (GO:0032232),1/27,0.046219715818065,0.1120828108588076,0,0,22.555429864253394,69.34325924679375,TACSTD2
GO_Biological_Process_2021,entrainment of circadian clock by photoperiod (GO:0043153),1/27,0.046219715818065,0.1120828108588076,0,0,22.555429864253394,69.34325924679375,BHLHE40
GO_Biological_Process_2021,positive regulation of monooxygenase activity (GO:0032770),1/28,0.0478910834594522,0.1122085771876055,0,0,21.71895424836601,66.00012158056954,IFNG
GO_Biological_Process_2021,positive regulation of nitric oxide metabolic process (GO:1904407),1/28,0.0478910834594522,0.1122085771876055,0,0,21.71895424836601,66.00012158056954,IFNG
GO_Biological_Process_2021,L-amino acid transport (GO:0015807),1/28,0.0478910834594522,0.1122085771876055,0,0,21.71895424836601,66.00012158056954,SLC38A3
GO_Biological_Process_2021,positive regulation of protein import into nucleus (GO:0042307),1/28,0.0478910834594522,0.1122085771876055,0,0,21.71895424836601,66.00012158056954,IFNG
GO_Biological_Process_2021,regulation of immunoglobulin production (GO:0002637),1/28,0.0478910834594522,0.1122085771876055,0,0,21.71895424836601,66.00012158056954,TNFRSF4
GO_Biological_Process_2021,neutral amino acid transport (GO:0015804),1/28,0.0478910834594522,0.1122085771876055,0,0,21.71895424836601,66.00012158056954,SLC38A3
GO_Biological_Process_2021,photoperiodism (GO:0009648),1/28,0.0478910834594522,0.1122085771876055,0,0,21.71895424836601,66.00012158056954,BHLHE40
GO_Biological_Process_2021,establishment of endothelial barrier (GO:0061028),1/29,0.049559605875515,0.1139166296190747,0,0,20.942226890756302,62.92257878831688,MYADM
GO_Biological_Process_2021,beta-catenin-TCF complex assembly (GO:1904837),1/29,0.049559605875515,0.1139166296190747,0,0,20.942226890756302,62.92257878831688,TCF7L2
GO_Biological_Process_2021,limb development (GO:0060173),1/29,0.049559605875515,0.1139166296190747,0,0,20.942226890756302,62.92257878831688,SALL1
GO_Biological_Process_2021,negative regulation of transferase activity (GO:0051348),1/29,0.049559605875515,0.1139166296190747,0,0,20.942226890756302,62.92257878831688,CDKN1C
GO_Biological_Process_2021,negative regulation of cytoskeleton organization (GO:0051494),1/30,0.0512252877849629,0.1155547189567769,0,0,20.219066937119678,60.081401552176,MYADM
GO_Biological_Process_2021,positive regulation of phosphate metabolic process (GO:0045937),1/30,0.0512252877849629,0.1155547189567769,0,0,20.219066937119678,60.081401552176,IFNG
GO_Biological_Process_2021,positive regulation of protein import (GO:1904591),1/30,0.0512252877849629,0.1155547189567769,0,0,20.219066937119678,60.081401552176,IFNG
GO_Biological_Process_2021,phosphatidylcholine acyl-chain remodeling (GO:0036151),1/30,0.0512252877849629,0.1155547189567769,0,0,20.219066937119678,60.081401552176,PLBD1
GO_Biological_Process_2021,cellular response to cytokine stimulus (GO:0071345),3/482,0.0515497892930762,0.1157483694775092,0,0,3.813804801670146,11.30872128933061,PYHIN1;STAT4;MNDA
GO_Biological_Process_2021,positive regulation of leukocyte cell-cell adhesion (GO:1903039),1/31,0.0528881338521174,0.1176639675150319,0,0,19.544117647058822,57.45142461157597,HLA-DPB1
GO_Biological_Process_2021,positive regulation of proteolysis involved in cellular protein catabolic process (GO:1903052),1/31,0.0528881338521174,0.1176639675150319,0,0,19.544117647058822,57.45142461157597,PYHIN1
GO_Biological_Process_2021,"positive regulation of transcription, DNA-templated (GO:0045893)",5/1183,0.0533634858716765,0.1181794093505166,0,0,2.658036219581211,7.789716837562941,CDKN1C;TCF7L2;SALL1;PYHIN1;NFATC2
GO_Biological_Process_2021,negative regulation of multicellular organismal process (GO:0051241),2/214,0.0538315503529527,0.1186740996417366,0,0,5.64694110920526,16.499772075028986,IFNG;TACSTD2
GO_Biological_Process_2021,positive regulation of immune effector process (GO:0002699),1/32,0.0545481487828968,0.1191705052238961,0,0,18.91271347248577,55.01087072997707,IFNG
GO_Biological_Process_2021,regulation of NMDA receptor activity (GO:2000310),1/32,0.0545481487828968,0.1191705052238961,0,0,18.91271347248577,55.01087072997707,IFNG
GO_Biological_Process_2021,positive regulation of ATP metabolic process (GO:1903580),1/33,0.0562053372358306,0.1211537269305682,0,0,18.32077205882353,52.74080454160656,IFNG
GO_Biological_Process_2021,negative regulation of smooth muscle cell proliferation (GO:0048662),1/33,0.0562053372358306,0.1211537269305682,0,0,18.32077205882353,52.74080454160656,IFNG
GO_Biological_Process_2021,regulation of interleukin-17 production (GO:0032660),1/33,0.0562053372358306,0.1211537269305682,0,0,18.32077205882353,52.74080454160656,IFNG
GO_Biological_Process_2021,regulation of amyloid-beta formation (GO:1902003),1/34,0.0578597038845059,0.1225412942532112,0,0,17.764705882352942,50.624688080382775,IFNG
GO_Biological_Process_2021,positive regulation of DNA binding (GO:0043388),1/34,0.0578597038845059,0.1225412942532112,0,0,17.764705882352942,50.624688080382775,PYHIN1
GO_Biological_Process_2021,positive regulation of interleukin-12 production (GO:0032735),1/34,0.0578597038845059,0.1225412942532112,0,0,17.764705882352942,50.624688080382775,IFNG
GO_Biological_Process_2021,protein destabilization (GO:0031648),1/34,0.0578597038845059,0.1225412942532112,0,0,17.764705882352942,50.624688080382775,PYHIN1
GO_Biological_Process_2021,negative regulation of epithelial cell migration (GO:0010633),1/35,0.0595112533883531,0.1235941472657497,0,0,17.241349480968857,48.64801672574411,TACSTD2
GO_Biological_Process_2021,positive regulation of immunoglobulin production (GO:0002639),1/35,0.0595112533883531,0.1235941472657497,0,0,17.241349480968857,48.64801672574411,TNFRSF4
GO_Biological_Process_2021,positive regulation of lymphocyte activation (GO:0051251),1/35,0.0595112533883531,0.1235941472657497,0,0,17.241349480968857,48.64801672574411,HLA-DPB1
GO_Biological_Process_2021,inflammatory response (GO:0006954),2/230,0.0611415178996825,0.1235941472657497,0,0,5.246411483253588,14.661433374876674,IFNG;TNFRSF4
GO_Biological_Process_2021,positive regulation of myeloid leukocyte differentiation (GO:0002763),1/36,0.0611599903995462,0.1235941472657497,0,0,16.747899159663866,46.798019121040575,IFNG
GO_Biological_Process_2021,macrophage activation (GO:0042116),1/36,0.0611599903995462,0.1235941472657497,0,0,16.747899159663866,46.798019121040575,IFNG
GO_Biological_Process_2021,positive regulation of substrate adhesion-dependent cell spreading (GO:1900026),1/36,0.0611599903995462,0.1235941472657497,0,0,16.747899159663866,46.798019121040575,MYADM
GO_Biological_Process_2021,"Wnt signaling pathway, calcium modulating pathway (GO:0007223)",1/36,0.0611599903995462,0.1235941472657497,0,0,16.747899159663866,46.798019121040575,TCF7L2
GO_Biological_Process_2021,regulation of osteoclast differentiation (GO:0045670),1/36,0.0611599903995462,0.1235941472657497,0,0,16.747899159663866,46.798019121040575,IFNG
GO_Biological_Process_2021,embryonic limb morphogenesis (GO:0030326),1/36,0.0611599903995462,0.1235941472657497,0,0,16.747899159663866,46.798019121040575,SALL1
GO_Biological_Process_2021,regulation of protein import into nucleus (GO:0042306),1/36,0.0611599903995462,0.1235941472657497,0,0,16.747899159663866,46.798019121040575,IFNG
GO_Biological_Process_2021,apoptotic process (GO:0006915),2/231,0.0616092970994893,0.1239855149097607,0,0,5.223236734153764,14.556860404843512,IFNG;PHLDA2
GO_Biological_Process_2021,negative regulation of epithelial cell apoptotic process (GO:1904036),1/37,0.0628059195635094,0.1248396351979593,0,0,16.28186274509804,45.063408386674496,TCF7L2
GO_Biological_Process_2021,positive regulation of exocytosis (GO:0045921),1/37,0.0628059195635094,0.1248396351979593,0,0,16.28186274509804,45.063408386674496,IFNG
GO_Biological_Process_2021,positive regulation of signaling receptor activity (GO:2000273),1/37,0.0628059195635094,0.1248396351979593,0,0,16.28186274509804,45.063408386674496,IFNG
GO_Biological_Process_2021,positive regulation of cell development (GO:0010720),1/38,0.0644490455160645,0.1255332814268727,0,0,15.84101748807631,43.43417472327079,IFNG
GO_Biological_Process_2021,positive regulation of insulin secretion (GO:0032024),1/38,0.0644490455160645,0.1255332814268727,0,0,15.84101748807631,43.43417472327079,TCF7L2
GO_Biological_Process_2021,positive regulation of production of molecular mediator of immune response (GO:0002702),1/38,0.0644490455160645,0.1255332814268727,0,0,15.84101748807631,43.43417472327079,TNFRSF4
GO_Biological_Process_2021,lymphocyte proliferation (GO:0046651),1/38,0.0644490455160645,0.1255332814268727,0,0,15.84101748807631,43.43417472327079,TNFRSF4
GO_Biological_Process_2021,ventricular septum development (GO:0003281),1/38,0.0644490455160645,0.1255332814268727,0,0,15.84101748807631,43.43417472327079,SALL1
GO_Biological_Process_2021,negative regulation of lymphocyte proliferation (GO:0050672),1/39,0.0660893728937635,0.1277025731214157,0,0,15.423374613003096,41.90141161770672,MNDA
GO_Biological_Process_2021,response to peptide (GO:1901652),1/39,0.0660893728937635,0.1277025731214157,0,0,15.423374613003096,41.90141161770672,STAT4
GO_Biological_Process_2021,positive regulation of cation channel activity (GO:2001259),1/40,0.0677269063272853,0.1288139198773858,0,0,15.027149321266968,40.457169500722365,IFNG
GO_Biological_Process_2021,negative regulation of cell-substrate adhesion (GO:0010812),1/40,0.0677269063272853,0.1288139198773858,0,0,15.027149321266968,40.457169500722365,TACSTD2
GO_Biological_Process_2021,digestive tract development (GO:0048565),1/40,0.0677269063272853,0.1288139198773858,0,0,15.027149321266968,40.457169500722365,SALL1
GO_Biological_Process_2021,regulation of nitric oxide biosynthetic process (GO:0045428),1/40,0.0677269063272853,0.1288139198773858,0,0,15.027149321266968,40.457169500722365,IFNG
GO_Biological_Process_2021,negative regulation of cell-cell adhesion (GO:0022408),1/41,0.069361650424016,0.1303891490528983,0,0,14.650735294117649,39.09433194754818,MYADM
GO_Biological_Process_2021,regulation of cell development (GO:0060284),1/41,0.069361650424016,0.1303891490528983,0,0,14.650735294117649,39.09433194754818,BHLHE40
GO_Biological_Process_2021,carboxylic acid transmembrane transport (GO:1905039),1/41,0.069361650424016,0.1303891490528983,0,0,14.650735294117649,39.09433194754818,SLC38A3
GO_Biological_Process_2021,regulation of ubiquitin-dependent protein catabolic process (GO:2000058),1/42,0.0709936097840018,0.1314194684932859,0,0,14.292682926829269,37.8065104803334,PYHIN1
GO_Biological_Process_2021,positive regulation of epithelial to mesenchymal transition (GO:0010718),1/42,0.0709936097840018,0.1314194684932859,0,0,14.292682926829269,37.8065104803334,TCF7L2
GO_Biological_Process_2021,regulation of chemokine production (GO:0032642),1/42,0.0709936097840018,0.1314194684932859,0,0,14.292682926829269,37.8065104803334,IFNG
GO_Biological_Process_2021,regulation of nervous system development (GO:0051960),1/42,0.0709936097840018,0.1314194684932859,0,0,14.292682926829269,37.8065104803334,BHLHE40
GO_Biological_Process_2021,regulation of cell-substrate adhesion (GO:0010810),1/43,0.0726227890309385,0.1334168662121408,0,0,13.951680672268909,36.58795480887935,MYADM
GO_Biological_Process_2021,positive regulation of peptide hormone secretion (GO:0090277),1/43,0.0726227890309385,0.1334168662121408,0,0,13.951680672268909,36.58795480887935,TCF7L2
GO_Biological_Process_2021,branching morphogenesis of an epithelial tube (GO:0048754),1/44,0.0742491927494056,0.1358900320130631,0,0,13.626538987688098,35.433475961203385,SALL1
GO_Biological_Process_2021,amino acid transmembrane transport (GO:0003333),1/45,0.0758728255193472,0.1378214246325222,0,0,13.316176470588236,34.33838017133994,SLC38A3
GO_Biological_Process_2021,positive regulation of nervous system development (GO:0051962),1/45,0.0758728255193472,0.1378214246325222,0,0,13.316176470588236,34.33838017133994,IFNG
GO_Biological_Process_2021,regulation of protein phosphorylation (GO:0001932),2/266,0.0787302673618927,0.1410633137178864,0,0,4.5227272727272725,11.495540762855123,IFNG;MYADM
GO_Biological_Process_2021,regulation of T cell activation (GO:0050863),1/47,0.0791117965593095,0.1410633137178864,0,0,12.735933503836318,32.3097041276766,HLA-DPB1
GO_Biological_Process_2021,regulation of DNA binding (GO:0051101),1/47,0.0791117965593095,0.1410633137178864,0,0,12.735933503836318,32.3097041276766,PYHIN1
GO_Biological_Process_2021,positive regulation of neuron death (GO:1901216),1/47,0.0791117965593095,0.1410633137178864,0,0,12.735933503836318,32.3097041276766,IFNG
GO_Biological_Process_2021,regulation of protein localization to nucleus (GO:1900180),1/47,0.0791117965593095,0.1410633137178864,0,0,12.735933503836318,32.3097041276766,PYHIN1
GO_Biological_Process_2021,positive regulation of cell migration (GO:0030335),2/269,0.0802616154876255,0.142373326639545,0,0,4.471229145386449,11.278513598892625,IFNG;MYADM
GO_Biological_Process_2021,negative regulation of mitotic cell cycle (GO:0045930),1/48,0.080727143970876,0.142373326639545,0,0,12.46433041301627,31.36873609624054,CDKN1C
GO_Biological_Process_2021,phosphatidic acid biosynthetic process (GO:0006654),1/48,0.080727143970876,0.142373326639545,0,0,12.46433041301627,31.36873609624054,ABHD5
GO_Biological_Process_2021,response to glucose (GO:0009749),1/49,0.0823397387131553,0.1436502635823033,0,0,12.204044117647058,30.47229528129729,TCF7L2
GO_Biological_Process_2021,regulation of cellular localization (GO:0060341),1/49,0.0823397387131553,0.1436502635823033,0,0,12.204044117647058,30.47229528129729,ADGRE2
GO_Biological_Process_2021,cellular defense response (GO:0006968),1/49,0.0823397387131553,0.1436502635823033,0,0,12.204044117647058,30.47229528129729,MNDA
GO_Biological_Process_2021,amino acid transport (GO:0006865),1/50,0.0839495853612937,0.1440798398808548,0,0,11.95438175270108,29.61744503578088,SLC38A3
GO_Biological_Process_2021,positive regulation of cell morphogenesis involved in differentiation (GO:0010770),1/50,0.0839495853612937,0.1440798398808548,0,0,11.95438175270108,29.61744503578088,MYADM
GO_Biological_Process_2021,negative regulation of ERK1 and ERK2 cascade (GO:0070373),1/50,0.0839495853612937,0.1440798398808548,0,0,11.95438175270108,29.61744503578088,PSCA
GO_Biological_Process_2021,phosphatidic acid metabolic process (GO:0046473),1/50,0.0839495853612937,0.1440798398808548,0,0,11.95438175270108,29.61744503578088,ABHD5
GO_Biological_Process_2021,regulation of transcription by RNA polymerase II (GO:0006357),7/2206,0.0842176697579877,0.1440798398808548,0,0,2.019781718963165,4.997647956989374,TCF7L2;SALL1;IFNG;BHLHE40;STAT4;NFATC2;CRYM
GO_Biological_Process_2021,gonad development (GO:0008406),1/51,0.0855566884240952,0.1440798398808548,0,0,11.71470588235294,28.801495903666925,SALL1
GO_Biological_Process_2021,regulation of interleukin-12 production (GO:0032655),1/51,0.0855566884240952,0.1440798398808548,0,0,11.71470588235294,28.801495903666925,IFNG
GO_Biological_Process_2021,mitotic nuclear membrane organization (GO:0101024),1/51,0.0855566884240952,0.1440798398808548,0,0,11.71470588235294,28.801495903666925,CCNB2
GO_Biological_Process_2021,mitotic nuclear membrane reassembly (GO:0007084),1/51,0.0855566884240952,0.1440798398808548,0,0,11.71470588235294,28.801495903666925,CCNB2
GO_Biological_Process_2021,regulation of protein modification process (GO:0031399),1/51,0.0855566884240952,0.1440798398808548,0,0,11.71470588235294,28.801495903666925,IFNG
GO_Biological_Process_2021,response to peptide hormone (GO:0043434),1/52,0.087161052470787,0.1452684207846451,0,0,11.484429065743944,28.02198043525966,STAT4
GO_Biological_Process_2021,positive regulation of protein localization to cell periphery (GO:1904377),1/52,0.087161052470787,0.1452684207846451,0,0,11.484429065743944,28.02198043525966,IFNG
GO_Biological_Process_2021,positive regulation of protein localization to plasma membrane (GO:1903078),1/52,0.087161052470787,0.1452684207846451,0,0,11.484429065743944,28.02198043525966,IFNG
GO_Biological_Process_2021,positive regulation of chemokine production (GO:0032722),1/53,0.0887626820159513,0.1469279890025134,0,0,11.263009049773755,27.27663102809561,IFNG
GO_Biological_Process_2021,positive regulation of phagocytosis (GO:0050766),1/53,0.0887626820159513,0.1469279890025134,0,0,11.263009049773755,27.27663102809561,IFNG
GO_Biological_Process_2021,positive regulation of programmed cell death (GO:0043068),2/286,0.0891138272742105,0.1470075041768438,0,0,4.1999573196756295,10.154828032560678,IFNG;MNDA
GO_Biological_Process_2021,nuclear membrane reassembly (GO:0031468),1/54,0.0903615815891906,0.1485605663415507,0,0,11.049944506104328,26.563360328124432,CCNB2
GO_Biological_Process_2021,renal system development (GO:0072001),1/57,0.0951419455784456,0.1543272361389503,0,0,10.456407563025213,24.597499845166844,SALL1
GO_Biological_Process_2021,carboxylic acid transport (GO:0046942),1/57,0.0951419455784456,0.1543272361389503,0,0,10.456407563025213,24.597499845166844,SLC38A3
GO_Biological_Process_2021,positive regulation of interferon-gamma production (GO:0032729),1/57,0.0951419455784456,0.1543272361389503,0,0,10.456407563025213,24.597499845166844,HLA-DPB1
GO_Biological_Process_2021,positive regulation of proteolysis (GO:0045862),1/57,0.0951419455784456,0.1543272361389503,0,0,10.456407563025213,24.597499845166844,IFNG
GO_Biological_Process_2021,fat cell differentiation (GO:0045444),1/58,0.0967299703227379,0.1548318006816102,0,0,10.272445820433436,23.99470759981785,TCF7L2
GO_Biological_Process_2021,positive regulation of protein binding (GO:0032092),1/58,0.0967299703227379,0.1548318006816102,0,0,10.272445820433436,23.99470759981785,TCF7L2
GO_Biological_Process_2021,regulation of neurotransmitter receptor activity (GO:0099601),1/58,0.0967299703227379,0.1548318006816102,0,0,10.272445820433436,23.99470759981785,PSCA
GO_Biological_Process_2021,regulation of phagocytosis (GO:0050764),1/58,0.0967299703227379,0.1548318006816102,0,0,10.272445820433436,23.99470759981785,IFNG
GO_Biological_Process_2021,positive regulation of tyrosine phosphorylation of STAT protein (GO:0042531),1/59,0.0983152876195209,0.1568516924193014,0,0,10.094827586206897,23.41571720766855,IFNG
GO_Biological_Process_2021,"regulation of DNA-templated transcription, initiation (GO:2000142)",1/61,0.1014778176807545,0.1613663658202163,0,0,9.757352941176473,22.323994636443867,TCF7L2
GO_Biological_Process_2021,negative regulation of kinase activity (GO:0033673),1/62,0.1030550394049876,0.1633388696451601,0,0,9.596914175506267,21.808911363364537,CDKN1C
GO_Biological_Process_2021,amyloid fibril formation (GO:1990000),1/63,0.1046295715475443,0.1647576045472694,0,0,9.441650853889945,21.31291281406773,TGFBI
GO_Biological_Process_2021,anterior/posterior pattern specification (GO:0009952),1/63,0.1046295715475443,0.1647576045472694,0,0,9.441650853889945,21.31291281406773,BHLHE40
GO_Biological_Process_2021,regulation of transcription initiation from RNA polymerase II promoter (GO:0060260),1/64,0.1062014185406305,0.1650887435647623,0,0,9.291316526610643,20.83501368555894,TCF7L2
GO_Biological_Process_2021,regulation of extrinsic apoptotic signaling pathway (GO:2001236),1/64,0.1062014185406305,0.1650887435647623,0,0,9.291316526610643,20.83501368555894,TCF7L2
GO_Biological_Process_2021,lipid homeostasis (GO:0055088),1/64,0.1062014185406305,0.1650887435647623,0,0,9.291316526610643,20.83501368555894,ABHD5
GO_Biological_Process_2021,tRNA processing (GO:0008033),1/64,0.1062014185406305,0.1650887435647623,0,0,9.291316526610643,20.83501368555894,TSEN54
GO_Biological_Process_2021,"G protein-coupled receptor signaling pathway, coupled to cyclic nucleotide second messenger (GO:0007187)",1/65,0.107770584841681,0.166460935185399,0,0,9.145680147058824,20.374293754857693,MC5R
GO_Biological_Process_2021,chemical homeostasis (GO:0048878),1/65,0.107770584841681,0.166460935185399,0,0,9.145680147058824,20.374293754857693,ABHD5
GO_Biological_Process_2021,negative regulation of gene expression (GO:0010629),2/322,0.108754316630918,0.1667562305355466,0,0,3.720643939393939,8.254858455010652,IFNG;MYADM
GO_Biological_Process_2021,positive regulation of cell death (GO:0010942),1/66,0.1093370748666058,0.1667562305355466,0,0,9.004524886877828,19.929892668037816,IFNG
GO_Biological_Process_2021,positive regulation of T cell proliferation (GO:0042102),1/66,0.1093370748666058,0.1667562305355466,0,0,9.004524886877828,19.929892668037816,HLA-DPB1
GO_Biological_Process_2021,embryonic organ development (GO:0048568),1/66,0.1093370748666058,0.1667562305355466,0,0,9.004524886877828,19.929892668037816,SALL1
GO_Biological_Process_2021,regulation of tyrosine phosphorylation of STAT protein (GO:0042509),1/68,0.1124620438492114,0.1704502852089611,0,0,8.734855136084285,19.08687700448831,IFNG
GO_Biological_Process_2021,canonical Wnt signaling pathway (GO:0060070),1/68,0.1124620438492114,0.1704502852089611,0,0,8.734855136084285,19.08687700448831,TCF7L2
GO_Biological_Process_2021,positive regulation of cell-substrate adhesion (GO:0010811),1/70,0.1155763608564972,0.1723348193025041,0,0,8.48081841432225,18.30011211062434,MYADM
GO_Biological_Process_2021,carbohydrate homeostasis (GO:0033500),1/70,0.1155763608564972,0.1723348193025041,0,0,8.48081841432225,18.30011211062434,TCF7L2
GO_Biological_Process_2021,kidney development (GO:0001822),1/70,0.1155763608564972,0.1723348193025041,0,0,8.48081841432225,18.30011211062434,SALL1
GO_Biological_Process_2021,positive regulation of cytokine production (GO:0001819),2/335,0.116113460173481,0.1723348193025041,0,0,3.573027573027573,7.693398167924911,IFNG;HLA-DPB1
GO_Biological_Process_2021,positive regulation of cellular protein localization (GO:1903829),1/71,0.1171295359017778,0.1723348193025041,0,0,8.359243697478991,17.926187557927317,PYHIN1
GO_Biological_Process_2021,gland development (GO:0048732),1/71,0.1171295359017778,0.1723348193025041,0,0,8.359243697478991,17.926187557927317,SALL1
GO_Biological_Process_2021,regulation of glycolytic process (GO:0006110),1/71,0.1171295359017778,0.1723348193025041,0,0,8.359243697478991,17.926187557927317,IFNG
GO_Biological_Process_2021,myeloid leukocyte differentiation (GO:0002573),1/71,0.1171295359017778,0.1723348193025041,0,0,8.359243697478991,17.926187557927317,IFNG
GO_Biological_Process_2021,regulation of gene expression (GO:0010468),4/1079,0.117779910324335,0.1723348193025041,0,0,2.267366841710428,4.849756106492263,IFNG;BHLHE40;MYADM;NFATC2
GO_Biological_Process_2021,extrinsic apoptotic signaling pathway (GO:0097191),1/72,0.11868006112791,0.1723348193025041,0,0,8.24109362054681,17.56444036008005,IFNG
GO_Biological_Process_2021,negative regulation of epithelial cell proliferation (GO:0050680),1/72,0.11868006112791,0.1723348193025041,0,0,8.24109362054681,17.56444036008005,CDKN1C
GO_Biological_Process_2021,positive regulation of neurogenesis (GO:0050769),1/72,0.11868006112791,0.1723348193025041,0,0,8.24109362054681,17.56444036008005,IFNG
GO_Biological_Process_2021,negative regulation of supramolecular fiber organization (GO:1902904),1/72,0.11868006112791,0.1723348193025041,0,0,8.24109362054681,17.56444036008005,MYADM
GO_Biological_Process_2021,positive regulation of protein secretion (GO:0050714),1/72,0.11868006112791,0.1723348193025041,0,0,8.24109362054681,17.56444036008005,TCF7L2
GO_Biological_Process_2021,negative regulation of cell adhesion (GO:0007162),1/73,0.1202279409824491,0.1730283423634654,0,0,8.126225490196079,17.21431840365986,TGFBI
GO_Biological_Process_2021,regulation of actin filament polymerization (GO:0030833),1/73,0.1202279409824491,0.1730283423634654,0,0,8.126225490196079,17.21431840365986,MYADM
GO_Biological_Process_2021,granulocyte chemotaxis (GO:0071621),1/73,0.1202279409824491,0.1730283423634654,0,0,8.126225490196079,17.21431840365986,ADGRE2
GO_Biological_Process_2021,regulation of stress fiber assembly (GO:0051492),1/74,0.1217731797892206,0.173321176155179,0,0,8.01450443190975,16.875301635263398,TACSTD2
GO_Biological_Process_2021,regulation of cytokine-mediated signaling pathway (GO:0001959),1/74,0.1217731797892206,0.173321176155179,0,0,8.01450443190975,16.875301635263398,IFNG
GO_Biological_Process_2021,regulation of peptide hormone secretion (GO:0090276),1/74,0.1217731797892206,0.173321176155179,0,0,8.01450443190975,16.875301635263398,IFNG
GO_Biological_Process_2021,positive regulation of multicellular organismal process (GO:0051240),2/345,0.121860868183332,0.173321176155179,0,0,3.467090732396855,7.297793679301719,IFNG;KSR2
GO_Biological_Process_2021,positive regulation of immune response (GO:0050778),1/75,0.1233157819601143,0.1743677966491412,0,0,7.905802861685214,16.546899785939424,IFNG
GO_Biological_Process_2021,positive regulation of T cell activation (GO:0050870),1/75,0.1233157819601143,0.1743677966491412,0,0,7.905802861685214,16.546899785939424,HLA-DPB1
GO_Biological_Process_2021,cellular response to DNA damage stimulus (GO:0006974),2/350,0.1247613395204555,0.1745102007321964,0,0,3.416405433646813,7.110744504578268,NFATC2;MNDA
GO_Biological_Process_2021,regulation of T cell proliferation (GO:0042129),1/76,0.1248557518640663,0.1745102007321964,0,0,7.8,16.22865030634214,HLA-DPB1
GO_Biological_Process_2021,positive regulation of interleukin-6 production (GO:0032755),1/76,0.1248557518640663,0.1745102007321964,0,0,7.8,16.22865030634214,IFNG
GO_Biological_Process_2021,phospholipid metabolic process (GO:0006644),1/76,0.1248557518640663,0.1745102007321964,0,0,7.8,16.22865030634214,PLBD1
GO_Biological_Process_2021,positive regulation of tumor necrosis factor production (GO:0032760),1/77,0.1263930938243751,0.1756465630510657,0,0,7.696981424148607,15.920116462123724,IFNG
GO_Biological_Process_2021,phosphatidylcholine metabolic process (GO:0046470),1/77,0.1263930938243751,0.1756465630510657,0,0,7.696981424148607,15.920116462123724,PLBD1
GO_Biological_Process_2021,negative regulation of apoptotic signaling pathway (GO:2001234),1/78,0.1279278122348632,0.1767663502390559,0,0,7.596638655462184,15.620885575835253,TCF7L2
GO_Biological_Process_2021,negative regulation of protein serine/threonine kinase activity (GO:0071901),1/78,0.1279278122348632,0.1767663502390559,0,0,7.596638655462184,15.620885575835253,CDKN1C
GO_Biological_Process_2021,positive regulation of ubiquitin-dependent protein catabolic process (GO:2000060),1/79,0.1294599114144399,0.1783751620341005,0,0,7.498868778280543,15.3305674244154,PYHIN1
GO_Biological_Process_2021,negative regulation of cell cycle (GO:0045786),1/80,0.1309893957070499,0.1789573434307584,0,0,7.403574087862993,15.04879274820452,CDKN1C
GO_Biological_Process_2021,negative regulation of extrinsic apoptotic signaling pathway (GO:2001237),1/80,0.1309893957070499,0.1789573434307584,0,0,7.403574087862993,15.04879274820452,TCF7L2
GO_Biological_Process_2021,regulation of protein localization to plasma membrane (GO:1903076),1/80,0.1309893957070499,0.1789573434307584,0,0,7.403574087862993,15.04879274820452,IFNG
GO_Biological_Process_2021,positive regulation of cellular amide metabolic process (GO:0034250),1/81,0.1325162694519393,0.1795262309614262,0,0,7.310661764705882,14.775211883262765,IFNG
GO_Biological_Process_2021,negative regulation of protein modification process (GO:0031400),1/81,0.1325162694519393,0.1795262309614262,0,0,7.310661764705882,14.775211883262765,MYADM
GO_Biological_Process_2021,positive regulation of tumor necrosis factor superfamily cytokine production (GO:1903557),1/81,0.1325162694519393,0.1795262309614262,0,0,7.310661764705882,14.775211883262765,IFNG
GO_Biological_Process_2021,cell-cell junction organization (GO:0045216),1/82,0.1340405369705902,0.1810854050995438,0,0,7.22004357298475,14.509493497568982,MYADM
GO_Biological_Process_2021,vascular transport (GO:0010232),1/84,0.1370812705553654,0.1846789339426451,0,0,7.045357902197023,14.00040356878682,SLC38A3
GO_Biological_Process_2021,positive regulation of protein catabolic process (GO:0045732),1/85,0.1385977452810347,0.1861757288245127,0,0,6.961134453781512,13.75645092706046,IFNG
GO_Biological_Process_2021,glucose homeostasis (GO:0042593),1/86,0.140111630971025,0.1861757288245127,0,0,6.8788927335640135,13.519196644704603,TCF7L2
GO_Biological_Process_2021,regulation of interferon-gamma production (GO:0032649),1/86,0.140111630971025,0.1861757288245127,0,0,6.8788927335640135,13.519196644704603,HLA-DPB1
GO_Biological_Process_2021,transport across blood-brain barrier (GO:0150104),1/86,0.140111630971025,0.1861757288245127,0,0,6.8788927335640135,13.519196644704603,SLC38A3
GO_Biological_Process_2021,regulation of neuron death (GO:1901214),1/86,0.140111630971025,0.1861757288245127,0,0,6.8788927335640135,13.519196644704603,IFNG
GO_Biological_Process_2021,negative regulation of cell population proliferation (GO:0008285),2/379,0.141907211511004,0.188046441483161,0,0,3.1489430110119767,6.148569048801971,CDKN1C;IFNG
GO_Biological_Process_2021,sensory perception of mechanical stimulus (GO:0050954),1/88,0.1431316525410458,0.189152183875769,0,0,6.720081135902637,13.063773384208776,CRYM
GO_Biological_Process_2021,positive regulation of inflammatory response (GO:0050729),1/89,0.1446377969445029,0.1901065894799022,0,0,6.643382352941177,12.84513001123998,IFNG
GO_Biological_Process_2021,second-messenger-mediated signaling (GO:0019932),1/89,0.1446377969445029,0.1901065894799022,0,0,6.643382352941177,12.84513001123998,KSR2
GO_Biological_Process_2021,positive regulation of autophagy (GO:0010508),1/90,0.1461413694948877,0.1908530230547183,0,0,6.568407138136154,12.63223476754404,IFNG
GO_Biological_Process_2021,cellular amino acid catabolic process (GO:0009063),1/90,0.1461413694948877,0.1908530230547183,0,0,6.568407138136154,12.63223476754404,CRYM
GO_Biological_Process_2021,regulation of stem cell differentiation (GO:2000736),1/91,0.1476423744129261,0.1908530230547183,0,0,6.495098039215686,12.42487780398028,TACSTD2
GO_Biological_Process_2021,sensory perception of sound (GO:0007605),1/91,0.1476423744129261,0.1908530230547183,0,0,6.495098039215686,12.42487780398028,CRYM
GO_Biological_Process_2021,positive regulation of transport (GO:0051050),1/91,0.1476423744129261,0.1908530230547183,0,0,6.495098039215686,12.42487780398028,IFNG
GO_Biological_Process_2021,regulation of cell population proliferation (GO:0042127),3/764,0.1482459398588372,0.1908530230547183,0,0,2.365801576872536,4.51603753281484,TCF7L2;IFNG;STAT4
GO_Biological_Process_2021,positive regulation of cellular component biogenesis (GO:0044089),1/92,0.1491408159540994,0.1908530230547183,0,0,6.4234001292824825,12.222859084947466,IFNG
GO_Biological_Process_2021,T cell activation (GO:0042110),1/92,0.1491408159540994,0.1908530230547183,0,0,6.4234001292824825,12.222859084947466,TNFRSF4
GO_Biological_Process_2021,positive regulation of transmembrane receptor protein serine/threonine kinase signaling pathway (GO:0090100),1/92,0.1491408159540994,0.1908530230547183,0,0,6.4234001292824825,12.222859084947466,CDKN1C
GO_Biological_Process_2021,Wnt signaling pathway (GO:0016055),1/92,0.1491408159540994,0.1908530230547183,0,0,6.4234001292824825,12.222859084947466,TCF7L2
GO_Biological_Process_2021,positive regulation of peptidyl-serine phosphorylation (GO:0033138),1/93,0.1506366983966586,0.1922599966378406,0,0,6.353260869565218,12.025987830355326,IFNG
GO_Biological_Process_2021,positive regulation of epithelial cell migration (GO:0010634),1/94,0.1521300259705773,0.1926450720515143,0,0,6.284629981024668,11.834081997339505,IFNG
GO_Biological_Process_2021,negative regulation of MAPK cascade (GO:0043409),1/94,0.1521300259705773,0.1926450720515143,0,0,6.284629981024668,11.834081997339505,PSCA
GO_Biological_Process_2021,regulation of kinase activity (GO:0043549),1/94,0.1521300259705773,0.1926450720515143,0,0,6.284629981024668,11.834081997339505,CDKN1C
GO_Biological_Process_2021,positive regulation of cold-induced thermogenesis (GO:0120162),1/97,0.1565947217578647,0.1977823959702197,0,0,6.087316176470588,11.28645762392911,KSR2
GO_Biological_Process_2021,antigen processing and presentation of exogenous peptide antigen via MHC class II (GO:0019886),1/98,0.15807787212422,0.1986211605705873,0,0,6.0242571255306245,11.112751366206078,HLA-DPB1
GO_Biological_Process_2021,positive regulation of defense response (GO:0031349),1/98,0.15807787212422,0.1986211605705873,0,0,6.0242571255306245,11.112751366206078,IFNG
GO_Biological_Process_2021,antigen processing and presentation of peptide antigen via MHC class II (GO:0002495),1/100,0.1610365757741949,0.2007782500012456,0,0,5.901960784313726,10.777710825180796,HLA-DPB1
GO_Biological_Process_2021,regulation of transforming growth factor beta receptor signaling pathway (GO:0017015),1/100,0.1610365757741949,0.2007782500012456,0,0,5.901960784313726,10.777710825180796,CDKN1C
GO_Biological_Process_2021,organic acid transport (GO:0015849),1/100,0.1610365757741949,0.2007782500012456,0,0,5.901960784313726,10.777710825180796,SLC38A3
GO_Biological_Process_2021,positive regulation of protein localization to membrane (GO:1905477),1/101,0.1625121374355887,0.202098427323745,0,0,5.8426470588235295,10.616104827180717,IFNG
GO_Biological_Process_2021,calcium-mediated signaling (GO:0019722),1/102,0.1639851779443591,0.2034087245601385,0,0,5.784507862550961,10.458270092263708,KSR2
GO_Biological_Process_2021,antigen processing and presentation of exogenous peptide antigen (GO:0002478),1/103,0.1654557014309704,0.2047092224337262,0,0,5.727508650519031,10.304084661682172,HLA-DPB1
GO_Biological_Process_2021,positive regulation of cellular metabolic process (GO:0031325),1/105,0.1683892141223601,0.207808572135737,0,0,5.6167986425339365,10.006198878068648,IFNG
GO_Biological_Process_2021,small GTPase mediated signal transduction (GO:0007264),1/106,0.1698522116392294,0.2080260672854199,0,0,5.563025210084033,9.862278864903406,KSR2
GO_Biological_Process_2021,positive regulation of protein serine/threonine kinase activity (GO:0071902),1/106,0.1698522116392294,0.2080260672854199,0,0,5.563025210084033,9.862278864903406,IFNG
GO_Biological_Process_2021,chromosome organization (GO:0051276),1/106,0.1698522116392294,0.2080260672854199,0,0,5.563025210084033,9.862278864903406,TCF7L2
GO_Biological_Process_2021,regulation of nucleic acid-templated transcription (GO:1903506),2/430,0.1731822307487152,0.2115702315192113,0,0,2.766496743132257,4.850805494277645,BHLHE40;NFATC2
GO_Biological_Process_2021,regulation of interleukin-6 production (GO:0032675),1/110,0.1756792397110093,0.2140814855774862,0,0,5.357798165137615,9.31772240223673,IFNG
GO_Biological_Process_2021,Fc-epsilon receptor signaling pathway (GO:0038095),1/111,0.1771297769325319,0.2147698545306949,0,0,5.3088235294117645,9.188897249327365,NFATC2
GO_Biological_Process_2021,regulation of Wnt signaling pathway (GO:0030111),1/111,0.1771297769325319,0.2147698545306949,0,0,5.3088235294117645,9.188897249327365,SALL1
GO_Biological_Process_2021,Fc receptor signaling pathway (GO:0038093),1/112,0.178577834465367,0.2154483823773707,0,0,5.260731319554849,9.062823482157956,NFATC2
GO_Biological_Process_2021,phosphatidylinositol metabolic process (GO:0046488),1/112,0.178577834465367,0.2154483823773707,0,0,5.260731319554849,9.062823482157956,PLBD1
GO_Biological_Process_2021,negative regulation of cell motility (GO:2000146),1/114,0.1814665270196761,0.2178496673379775,0,0,5.1671004685059865,8.81860803918774,TACSTD2
GO_Biological_Process_2021,positive regulation of cellular component organization (GO:0051130),1/114,0.1814665270196761,0.2178496673379775,0,0,5.1671004685059865,8.81860803918774,IFNG
GO_Biological_Process_2021,regulation of protein-containing complex assembly (GO:0043254),1/116,0.1843453501496182,0.220215504489076,0,0,5.076726342710997,8.5844618656567,IFNG
GO_Biological_Process_2021,tumor necrosis factor-mediated signaling pathway (GO:0033209),1/116,0.1843453501496182,0.220215504489076,0,0,5.076726342710997,8.5844618656567,TNFRSF4
GO_Biological_Process_2021,positive regulation of protein-containing complex assembly (GO:0031334),1/118,0.1872143366416631,0.2225464540960946,0,0,4.989441930618401,8.359815609020378,IFNG
GO_Biological_Process_2021,regulation of protein binding (GO:0043393),1/118,0.1872143366416631,0.2225464540960946,0,0,4.989441930618401,8.359815609020378,TCF7L2
GO_Biological_Process_2021,epithelium development (GO:0060429),1/122,0.1929229299861709,0.2287716895924031,0,0,4.823529411764706,7.936946394042253,SALL1
GO_Biological_Process_2021,positive regulation of epithelial cell proliferation (GO:0050679),1/123,0.1943439812633665,0.2298947095432507,0,0,4.7837512054001925,7.836385269146254,TCF7L2
GO_Biological_Process_2021,regulation of tumor necrosis factor production (GO:0032680),1/124,0.1957626017989517,0.2304486938652708,0,0,4.744619799139167,7.737775389195103,IFNG
GO_Biological_Process_2021,non-canonical Wnt signaling pathway (GO:0035567),1/124,0.1957626017989517,0.2304486938652708,0,0,4.744619799139167,7.737775389195103,TCF7L2
GO_Biological_Process_2021,regulation of phosphorylation (GO:0042325),1/125,0.1971787956438155,0.2304489046225131,0,0,4.70611954459203,7.641064501976653,CDKN1C
GO_Biological_Process_2021,regulation of protein secretion (GO:0050708),1/125,0.1971787956438155,0.2304489046225131,0,0,4.70611954459203,7.641064501976653,IFNG
GO_Biological_Process_2021,regulation of cellular macromolecule biosynthetic process (GO:2000112),2/468,0.1971882379759648,0.2304489046225131,0,0,2.535960462999089,4.117376490641038,BHLHE40;NFATC2
GO_Biological_Process_2021,circulatory system development (GO:0072359),1/126,0.1985925668035064,0.2315321992781265,0,0,4.668235294117647,7.546202147771418,SALL1
GO_Biological_Process_2021,positive regulation of cell population proliferation (GO:0008284),2/474,0.2010205142589849,0.2338008379271168,0,0,2.502953261427838,4.015608847848309,TCF7L2;IFNG
GO_Biological_Process_2021,positive regulation of macromolecule biosynthetic process (GO:0010557),1/129,0.2028193845312859,0.2353287117169226,0,0,4.558134191176471,7.272227003797059,IFNG
GO_Biological_Process_2021,G2/M transition of mitotic cell cycle (GO:0000086),1/130,0.2042235051814697,0.2363923627995532,0,0,4.522571819425445,7.184287464777083,CCNB2
GO_Biological_Process_2021,cell cycle G2/M phase transition (GO:0044839),1/131,0.2056252232488539,0.2374481744659384,0,0,4.487556561085973,7.097968534671513,CCNB2
GO_Biological_Process_2021,regulation of cell motility (GO:2000145),1/133,0.2084214674304456,0.2401054909828174,0,0,4.419117647058823,6.930029199904228,TACSTD2
GO_Biological_Process_2021,positive regulation of peptidyl-tyrosine phosphorylation (GO:0050731),1/134,0.2098160015541602,0.2411392434923404,0,0,4.385670057496683,6.848330434159137,IFNG
GO_Biological_Process_2021,protein localization to plasma membrane (GO:0072659),1/136,0.2125979136291591,0.2431839342220334,0,0,4.3202614379084965,6.689288145502751,MYADM
GO_Biological_Process_2021,negative regulation of inflammatory response to antigenic stimulus (GO:0002862),1/136,0.2125979136291591,0.2431839342220334,0,0,4.3202614379084965,6.689288145502751,MC5R
GO_Biological_Process_2021,regulation of inflammatory response to antigenic stimulus (GO:0002861),1/137,0.2139852995496637,0.2441949888978516,0,0,4.288278546712803,6.611873529216499,MC5R
GO_Biological_Process_2021,positive regulation of response to external stimulus (GO:0032103),1/139,0.2167529508272539,0.2467727257070848,0,0,4.225703324808184,6.461087915472565,IFNG
GO_Biological_Process_2021,protein localization to cell periphery (GO:1990778),1/140,0.2181332241144601,0.2477625613478059,0,0,4.195090986034701,6.387652282255542,MYADM
GO_Biological_Process_2021,Ras protein signal transduction (GO:0007265),1/142,0.2208866855834599,0.2503038376354627,0,0,4.135168961201502,6.244541159650636,KSR2
GO_Biological_Process_2021,nitrogen compound transport (GO:0071705),1/143,0.2222598816197792,0.2512728265398436,0,0,4.105840927920464,6.1748067876644415,SLC38A3
GO_Biological_Process_2021,negative regulation of cell migration (GO:0030336),1/144,0.2236307264117295,0.2522346565341601,0,0,4.076923076923077,6.106248761885597,TACSTD2
GO_Biological_Process_2021,regulation of cytokine production (GO:0001817),1/150,0.2318066375138694,0.2608496965063264,0,0,3.9115673114883536,5.718131378052143,IFNG
GO_Biological_Process_2021,negative regulation of protein phosphorylation (GO:0001933),1/152,0.2345133076598889,0.2632846162385326,0,0,3.859368913128165,5.597022533103205,MYADM
GO_Biological_Process_2021,positive regulation of Wnt signaling pathway (GO:0030177),1/153,0.2358631663536064,0.2641885350611989,0,0,3.8337848297213615,5.537915396582044,SALL1
GO_Biological_Process_2021,positive regulation of protein kinase activity (GO:0045860),1/154,0.2372107126148021,0.2650857041893527,0,0,3.808535178777393,5.479744980597112,IFNG
GO_Biological_Process_2021,T cell receptor signaling pathway (GO:0050852),1/158,0.2425778499893583,0.270460361482388,0,0,3.7107530910453352,5.25603160877981,HLA-DPB1
GO_Biological_Process_2021,positive regulation of protein kinase B signaling (GO:0051897),1/161,0.2465791100602696,0.2742909825211715,0,0,3.640625,5.097138594647822,TCF7L2
GO_Biological_Process_2021,heart development (GO:0007507),1/164,0.2505598333610331,0.278081279588332,0,0,3.573078311079033,4.945345946180814,SALL1
GO_Biological_Process_2021,negative regulation of canonical Wnt signaling pathway (GO:0090090),1/165,0.2518821951094791,0.2789106498358387,0,0,3.551111908177905,4.896251012847069,TCF7L2
GO_Biological_Process_2021,glycerophospholipid biosynthetic process (GO:0046474),1/177,0.2675748065991241,0.2956122578600801,0,0,3.306985294117647,4.359784238097281,ABHD5
GO_Biological_Process_2021,negative regulation of immune response (GO:0050777),1/178,0.2688679935057444,0.2956938250573379,0,0,3.288135593220339,4.319080365359729,MC5R
GO_Biological_Process_2021,regulation of mitotic cell cycle (GO:0007346),1/178,0.2688679935057444,0.2956938250573379,0,0,3.288135593220339,4.319080365359729,CDKN1C
GO_Biological_Process_2021,protein stabilization (GO:0050821),1/179,0.2701589622484132,0.2957722272922807,0,0,3.2694976867151357,4.278937913532702,PYHIN1
GO_Biological_Process_2021,RNA processing (GO:0006396),1/179,0.2701589622484132,0.2957722272922807,0,0,3.2694976867151357,4.278937913532702,TSEN54
GO_Biological_Process_2021,positive regulation of cellular biosynthetic process (GO:0031328),1/180,0.2714477165039483,0.296513834469403,0,0,3.2510680249753534,4.239346314695003,IFNG
GO_Biological_Process_2021,negative regulation of cytokine production (GO:0001818),1/182,0.2740185963517387,0.2986494814170636,0,0,3.2148196295092624,4.161774665278728,IFNG
GO_Biological_Process_2021,negative regulation of cell differentiation (GO:0045596),1/191,0.2854789089465554,0.309747809483399,0,0,3.0611455108359134,3.837412605362425,IFNG
GO_Biological_Process_2021,negative regulation of Wnt signaling pathway (GO:0030178),1/191,0.2854789089465554,0.309747809483399,0,0,3.0611455108359134,3.837412605362425,TCF7L2
GO_Biological_Process_2021,cellular response to tumor necrosis factor (GO:0071356),1/194,0.2892598112863649,0.3131495724863549,0,0,3.0131057604388904,3.737546759553702,TNFRSF4
GO_Biological_Process_2021,protein localization to membrane (GO:0072657),1/195,0.2905157876975185,0.3138088129917516,0,0,2.997422680412371,3.7051062546633786,MYADM
GO_Biological_Process_2021,negative regulation of intracellular signal transduction (GO:1902532),1/198,0.2942707941583518,0.3171585225928902,0,0,2.9513287548521947,3.610227263492937,MYADM
GO_Biological_Process_2021,generation of neurons (GO:0048699),1/202,0.2992474502111497,0.321807124949906,0,0,2.8920105355575068,3.489165755361183,BHLHE40
GO_Biological_Process_2021,regulation of inflammatory response (GO:0050727),1/206,0.304190007714361,0.3263985702244803,0,0,2.835007173601148,3.373949826333932,IFNG
GO_Biological_Process_2021,regulation of protein kinase B signaling (GO:0051896),1/207,0.3054203457926292,0.3269952929567884,0,0,2.8211022272986863,3.346014191141734,TCF7L2
GO_Biological_Process_2021,mitotic cell cycle phase transition (GO:0044772),1/209,0.3078746851015399,0.3288969653617772,0,0,2.793693438914027,3.291145324218324,CCNB2
GO_Biological_Process_2021,negative regulation of inflammatory response (GO:0050728),1/212,0.3115404048259922,0.3313532814486978,0,0,2.7535545023696684,3.2112675102149244,MC5R
GO_Biological_Process_2021,phosphate-containing compound metabolic process (GO:0006796),1/212,0.3115404048259922,0.3313532814486978,0,0,2.7535545023696684,3.2112675102149244,PLBD1
GO_Biological_Process_2021,positive regulation of protein modification process (GO:0031401),1/214,0.3139737326922577,0.3332106353517395,0,0,2.727423363711682,3.159572550770988,IFNG
GO_Biological_Process_2021,extracellular structure organization (GO:0043062),1/216,0.3163987049417623,0.3350510303422592,0,0,2.7017783857729136,3.109077248971038,TGFBI
GO_Biological_Process_2021,external encapsulating structure organization (GO:0045229),1/217,0.3176080664227262,0.3355989372876302,0,0,2.689133986928105,3.084267675978225,TGFBI
GO_Biological_Process_2021,positive regulation of cell motility (GO:2000147),1/221,0.3224247623095703,0.3399478472176991,0,0,2.639705882352941,2.987844720448132,MYADM
GO_Biological_Process_2021,regulation of autophagy (GO:0010506),1/231,0.3343224581412416,0.3517275318839526,0,0,2.523657289002557,2.765043362853908,IFNG
GO_Biological_Process_2021,regulation of ERK1 and ERK2 cascade (GO:0070372),1/238,0.3425298305903255,0.3595821814638698,0,0,2.4482501861504096,2.623046750239322,PSCA
GO_Biological_Process_2021,membrane organization (GO:0061024),1/242,0.3471755334899703,0.3636719951244829,0,0,2.4071271662191847,2.5465594458305887,MYADM
GO_Biological_Process_2021,positive regulation of signal transduction (GO:0009967),1/252,0.3586507136968598,0.3744568383745049,0,0,2.310053902038903,2.3687438394087645,SALL1
GO_Biological_Process_2021,regulation of canonical Wnt signaling pathway (GO:0060828),1/253,0.3597873952216893,0.3744568383745049,0,0,2.300770308123249,2.351944020184138,TCF7L2
GO_Biological_Process_2021,positive regulation of phosphorylation (GO:0042327),1/253,0.3597873952216893,0.3744568383745049,0,0,2.300770308123249,2.351944020184138,IFNG
GO_Biological_Process_2021,positive regulation of cell differentiation (GO:0045597),1/258,0.3654415115047533,0.3795270515627524,0,0,2.255436026550698,2.2704325015265074,TACSTD2
GO_Biological_Process_2021,protein-containing complex assembly (GO:0065003),1/267,0.3754969205154104,0.3891367659187479,0,0,2.1781291463954005,2.133488408785503,TCF7L2
GO_Biological_Process_2021,DNA metabolic process (GO:0006259),1/277,0.3864880733150557,0.3996731675006439,0,0,2.098145780051151,1.9946112440626496,TCF7L2
GO_Biological_Process_2021,proteolysis (GO:0006508),1/287,0.3972912154503812,0.4099707223264572,0,0,2.023755656108597,1.86809996114353,TPSD1
GO_Biological_Process_2021,extracellular matrix organization (GO:0030198),1/300,0.411059353902692,0.4232776786471456,0,0,1.934487507377533,1.7197935600561025,TGFBI
GO_Biological_Process_2021,positive regulation of apoptotic process (GO:0043065),1/310,0.4214418407558947,0.4330493490817986,0,0,1.870930896630497,1.6166217943767651,MNDA
GO_Biological_Process_2021,supramolecular fiber organization (GO:0097435),1/351,0.4621818579735974,0.473907401939101,0,0,1.6483193277310924,1.2721676375347486,TGFBI
GO_Biological_Process_2021,positive regulation of transcription by RNA polymerase II (GO:0045944),2/908,0.4761020074791399,0.4871507882434237,0,0,1.2749347782460363,0.9461586089378522,TCF7L2;SALL1
GO_Biological_Process_2021,positive regulation of protein phosphorylation (GO:0001934),1/371,0.4810298858372653,0.4911568308022604,0,0,1.557631160572337,1.1399147918242116,IFNG
GO_Biological_Process_2021,positive regulation of macromolecule metabolic process (GO:0010604),1/384,0.4929353199756839,0.5022555256054763,0,0,1.5037628628474888,1.063727729325855,IFNG
GO_Biological_Process_2021,regulation of cell migration (GO:0030334),1/408,0.514221351077846,0.5228456085382711,0,0,1.4133545310015898,0.9400241650450148,MYADM
GO_Biological_Process_2021,neutrophil degranulation (GO:0043312),1/481,0.5737671637337849,0.5817280863229477,0,0,1.1939338235294117,0.663267970921398,MNDA
GO_Biological_Process_2021,positive regulation of gene expression (GO:0010628),1/482,0.5745314502034886,0.5817280863229477,0,0,1.1913904855081323,0.6602691307830125,IFNG
GO_Biological_Process_2021,neutrophil activation involved in immune response (GO:0002283),1/485,0.5768163302238628,0.5828248336636948,0,0,1.1838235294117647,0.6513768562191553,MNDA
GO_Biological_Process_2021,neutrophil mediated immunity (GO:0002446),1/488,0.5790892885418465,0.5839049998810718,0,0,1.1763498007005675,0.642638251179371,MNDA
GO_Biological_Process_2021,positive regulation of intracellular signal transduction (GO:1902533),1/546,0.620772401266703,0.6246361299052924,0,0,1.048030221262817,0.4996911338984534,TCF7L2
GO_Biological_Process_2021,negative regulation of cellular process (GO:0048523),1/566,0.6341935630236774,0.6368196233260529,0,0,1.0098906819364917,0.4599052937912232,TGFBI
GO_Biological_Process_2021,positive regulation of cellular process (GO:0048522),1/625,0.6711529687086765,0.672539648396091,0,0,0.9116233031674208,0.3635172644790825,IFNG
GO_Biological_Process_2021,regulation of apoptotic process (GO:0042981),1/742,0.7340226107253937,0.7340226107253937,0,0,0.7630388187663729,0.2359433886899851,MNDA
